0,1,2,3,4,5,6,7,8,9,10,11,12,13,14,15,16,17,18,19,20,21,22,23,24,25,26,27,28,29,30,31,32,33,34,35,36,37,38,39,40,41,42,43,44,45,46,47,48,49,50,51,52,53,54,55,56,57,58,59,60,61,62,63,64,65,66,67,68,69,70,71,72,73,74,75,76,77,78,79,80,81,82,83,84,85,86,87,88,89,90,91,92,93,94,95,96,97,98,99,100,101,102,103,104,105,106,107,108,109,110,111,112,113,114,115,116,117,118,119,120,121,122,123,124,125,126,127,128,129,130,131,132,133,134,135,136,137,138,139,140,141,142,143,144,145,146,147,148,149,150,151,152,153,154,155,156,157,158,159,160,161,162,163,164,165,166,167,168,169,170,171,172,173,174,175,176,177,178,179,180,181,182,183,184,185,186,187,188,189,190,191,192,193,194,195,196,197,198,199,200
-8.333551984734372,-17.758311389784776,-16.590500437888267,-14.85437511948699,-13.05390366984634,-11.562269646246675,-10.332927409673585,-9.589038420805236,-8.756736338583089,-8.222572451882323,-7.392797414356481,-6.3892695391611625,-5.46772755256872,-6.863063311293706,-7.047096320111923,-6.642474533088495,-5.48999571336947,-4.777384003206363,-4.658180799287679,-4.478964888029426,-4.371737003212569,-4.217802009139648,-4.095793114189628,-3.9879101589922223,-3.8506981699100153,-3.6952312912119054,-3.606692402317275,-3.4234032510105523,-3.352578818163173,-3.528493707646725,-3.9443217633100542,-3.5439925625746502,-3.9109945495042933,-4.629071605246074,-6.3761738632341975,-11.074469828843135,-10.471363395752327,-8.253883935045948,-7.3557973618292625,-6.4187268205025925,-6.889346167339383,-6.8460207424644235,-6.970980476431255,-7.025128714644917,-7.188418777189825,-7.320789881386768,-7.3387142244274886,-7.283031597181663,-7.298991693669352,-7.351324930752051,-7.4088928750513,-7.471817048460569,-7.591406791080564,-7.506783297089431,-7.331213040603522,-7.288152976203911,-6.028571140307247,-12.886050204037643,-12.665762508686132,-12.698929453112532,-6.555134561970501,-8.238391278095119,-9.362963284389828,-9.710501083712805,-9.387586483171058,-9.305823228822902,-9.042955238101738,-8.853353044685008,-8.691420498298312,-8.569302495667559,-8.406282584221135,-8.397084892856425,-8.302835469864457,-7.863239793260198,-5.870430775352396,-12.8547048038541,-19.06695736845048,-23.506465461500717,-19.76051168921783,-22.128749452059626,-17.06301451604536,-14.766144283659454,-14.72918665652045,-14.601470849812793,-14.027443550103927,-14.230357455901537,-13.083665487471867,-11.05175470236988,-9.442096880840595,-9.628425124104163,-12.412302167658812,-14.569798946315435,-14.482510857586185,-13.91976401263753,-14.486545287970419,-14.391355240278916,-14.3067195542237,-14.133625519737263,-14.24934928740427,-14.199042619743222,-15.492594493982866,-18.280963154129658,-69.31232463463014,-98.67114972383824,-56.68040087563559,-35.20454949376205,-28.779728190686036,-14.164875275805574,-10.601444555810213,-13.81196697398078,-10.379323354779746,-7.07357582339601,-5.822480490980757,-5.423118118489132,-5.26649186884189,-5.271150665329828,-5.345989177530708,-5.482302310974305,-5.6833729157310255,-6.095930665640832,-6.21971419717867,-6.251467140623309,-6.53126016367311,-6.675056128469364,-6.627295525186748,-6.73031706074616,-6.989382762243733,-7.100438322775037,-7.128825086089407,-7.271428843098517,-7.317935741338404,-7.360847424661768,-7.427477801508285,-7.500352707693544,-7.567434369482369,-7.807517579455332,-8.022842812448424,-8.044087751230693,-8.264302576564285,-9.259687791021552,-11.228630019079391,-14.805521690372926,-28.66778438309078,-85.92772583144135,-91.89293394345309,-60.40862935354292,-24.975576216578137,-12.602881655723172,-9.592632289222069,-11.429726875404063,-27.215366351153854,-26.189025938168097,-13.017076862085998,-9.04034815779719,-9.470685739467745,-11.863073433092685,-12.123858061739746,-10.49628699827247,-9.049098199265243,-8.744613884656413,-8.722840524094192,-8.876891393507222,-8.979419888717462,-9.00280085213316,-9.219883531214997,-9.787087947341876,-10.13195182947516,-10.338782332920598,-10.52530175403849,-10.974382358944807,-11.244781994281912,-10.905268703985994,-10.773398150795643,-11.13703919934157,-11.52406481051637,-12.21933774620554,-12.371046921412658,-12.65536897775824,-12.841487674208032,-13.501600202013499,-13.499201367258378,-13.56987385686285,-14.62043327695225,-14.65715068537437,-16.279780606102822,-17.3774306934604,-17.36015353348017,-20.072530323305344,-22.050294225496696,-21.38298855436078,-21.612751615425964,-27.34166282719416,-27.389778080772775,-25.362326112197113,-30.67416334220845,-39.33718855927524,-35.030375932648425,-49.38026742394303,-89.16727790284706,-142.92592758822255,9.0
-8.332170608050415,-17.76064761696123,-16.59170395341395,-14.853410935526668,-13.053786745172525,-11.562124047172794,-10.332491408513116,-9.588575199862689,-8.756490140370802,-8.222500407501702,-7.392760838720604,-6.388957161366054,-5.467661540698122,-6.862941699833087,-7.047031730081026,-6.642394244098805,-5.489913682601675,-4.777368849960743,-4.658133928877196,-4.478946050965833,-4.371729201307272,-4.21776892860037,-4.095770356095496,-3.9879220398453104,-3.8507137305537325,-3.695265706276887,-3.6066902208659983,-3.4227017871172216,-3.3526087554751247,-3.5285266924060825,-3.9443648045810895,-3.543748599188768,-3.911792018406037,-4.6288943342197015,-6.3758728235097095,-11.07401053370232,-10.471476192769268,-8.254066706842575,-7.355654616830045,-6.418784588204649,-6.889427983515181,-6.846032884343678,-6.971042163586949,-7.0251187519408775,-7.1884653636870075,-7.320828233156574,-7.338862647447109,-7.283188956326763,-7.2990530081218274,-7.351407025692548,-7.409030633531469,-7.471862633412204,-7.5915612900177365,-7.506892191308538,-7.331175830233773,-7.288292594553868,-6.028711746329453,-12.886050204037643,-12.666599395982445,-12.699436852082307,-6.555167961551631,-8.238531387900286,-9.363187216159853,-9.710607239496746,-9.387777129010567,-9.306043509393918,-9.042977658235694,-8.853490208293037,-8.691569371332932,-8.569397031430386,-8.406443889331223,-8.397144388840847,-8.302937813130914,-7.863381793751344,-5.870560131924131,-12.854529280445908,-19.06809997618108,-23.514543466907813,-19.76106234489022,-22.136284926106924,-17.063348549483553,-14.767271534895743,-14.729759729912532,-14.602238377312744,-14.027465706217889,-14.230657689997729,-13.083855218369866,-11.051943834825144,-9.441890405029522,-9.628291390519232,-12.411979108813675,-14.56936815367274,-14.483096889057409,-13.919435253602828,-14.4869170540022,-14.390169953301646,-14.306459333810144,-14.133340714901982,-14.250306235278076,-14.199319412833866,-15.494470185928746,-18.284506993945637,-69.3163822994601,-98.58949984608881,-56.68040087563559,-35.21093909323419,-28.7831799466201,-14.16731900025815,-10.602819095625245,-13.815180557918444,-10.381262653716474,-7.074773912797622,-5.823292294742124,-5.4237141313273,-5.267132942069556,-5.271719529437732,-5.346583306360445,-5.482963076014237,-5.683984430177265,-6.096485660174501,-6.220454212821148,-6.252209018565357,-6.531964201448067,-6.675744370845107,-6.627986490008028,-6.731004634730149,-6.990185852523686,-7.1010837141332726,-7.129533811012309,-7.272101204912272,-7.318360959575283,-7.361393740995812,-7.428145756596782,-7.50089897676354,-7.567991732809131,-7.808269700485689,-8.023503416090376,-8.044882079227317,-8.264806116750838,-9.260397809967504,-11.228990929420194,-14.806245010287707,-28.657073889003644,-85.96880277609186,-91.86039943908185,-60.39137067676758,-24.98051240054195,-12.603861504326426,-9.593217242226071,-11.430900008621576,-27.22059899294686,-26.18722066949341,-13.017593869977603,-9.04111456828228,-9.471171761649336,-11.864112035287071,-12.12526891393811,-10.497905936298642,-9.049954745913269,-8.74564379605401,-8.72380654035074,-8.877843554449694,-8.980394565169366,-9.003727909680881,-9.221245437445106,-9.78840816415151,-10.133381018252429,-10.339989925340435,-10.526634608600684,-10.97617035541227,-11.246246512243461,-10.90709724161576,-10.775031125336529,-11.138306426365398,-11.525818377458304,-12.221784423874215,-12.372710214690022,-12.657017118283106,-12.842709018393577,-13.502841578357224,-13.501275043909088,-13.572691054522513,-14.6237678331798,-14.658492739179778,-16.282776117979715,-17.379414837718166,-17.364592085252298,-20.076948177665695,-22.049461300179384,-21.383379797253735,-21.617161734606672,-27.343651202564136,-27.391112692905498,-25.373138251592167,-30.675869086820533,-39.322896935460236,-35.02136352468035,-49.35499934918538,-89.1364241778272,-143.20754338024685,9.0
-8.334187100451134,-17.755899800441345,-16.593238435709196,-14.854438552642275,-13.053385860576583,-11.561920208469363,-10.333168118647595,-9.588773723123781,-8.756862954806548,-8.222665080371698,-7.39289870073276,-6.389034155893018,-5.467737975495657,-6.863240864026211,-7.047247858261335,-6.642516907833054,-5.489956338600928,-4.777392268613065,-4.6582318053226155,-4.479001216652071,-4.371753907340712,-4.217802009139648,-4.096776503414998,-3.9879279802718544,-3.850743740366616,-3.6952452723320546,-3.6067131261044025,-3.422675806973024,-3.352569462753188,-3.528468969077206,-3.9443369543468902,-3.543905605328197,-3.9110007506621605,-4.629105960096147,-6.37612952404997,-11.074333281639108,-10.471748461430845,-8.254110956856495,-7.355748245270392,-6.418993996124606,-6.889518748335207,-6.846195585525702,-6.971177875329473,-7.025290964396413,-7.1885688892363,-7.321026383967234,-7.338919733223886,-7.283327047005115,-7.299213751416154,-7.351515927144225,-7.40918234223748,-7.471920491235433,-7.591664917353645,-7.5070065302386,-7.331330396385033,-7.2884500365229705,-6.028849648389693,-12.886726579613576,-12.667174755998662,-12.69906181806117,-6.5554017586195465,-8.238531387900286,-9.363264731003325,-9.710839965638458,-9.387856564777032,-9.306143988250874,-9.043228016398192,-8.853667077156022,-8.691849394421865,-8.569565095008745,-8.406486904027245,-8.397348906287297,-8.302949184604966,-7.863557425937762,-5.872945707770309,-12.855055850670482,-19.073698754061024,-23.51199251783189,-19.765467590269374,-22.129825948352096,-17.061511365573494,-14.767164177635141,-14.730108557194669,-14.602065064651464,-14.028484887460214,-14.232297430061555,-13.084367491794467,-11.05221402404695,-9.442362349740549,-9.629145228023022,-12.413339356582675,-14.571737513207577,-14.483453603865978,-13.92083795881756,-14.487979242664428,-14.392019000986188,-14.308209907501324,-14.133651411085925,-14.250471226290804,-14.199082161613317,-15.495191605907932,-18.283372965204528,-69.41376625537934,-98.70743855839353,-56.691922050038286,-35.20880922674348,-28.7831799466201,-14.165306521297204,-10.602167997818125,-13.813439866618877,-10.380125823305288,-7.074233597969444,-5.822835655126355,-5.423326249956428,-5.266660150564152,-5.271256853296637,-5.346139589892667,-5.48250442733946,-5.683431554102582,-6.09609821116043,-6.220046667974566,-6.251749263220989,-6.531694320301001,-6.675326509402693,-6.627583427195614,-6.730518591051812,-6.989851231573705,-7.100985502404845,-7.1291085760585675,-7.271703900204144,-7.318077480750698,-7.361426851076664,-7.427969978941914,-7.500861303034576,-7.567872297810539,-7.8077227033727015,-8.02352882392276,-8.044617303228442,-8.265043076838628,-9.260147215045404,-11.22855783701123,-14.806389674270662,-28.66711497721033,-85.96880277609186,-91.81159768252496,-60.387918941412494,-24.975576216578137,-12.603983985401833,-9.592372310109178,-11.431779858534709,-27.217982672050358,-26.178194326119982,-13.01617209827569,-9.040567132221502,-9.47050348114965,-11.863073433092685,-12.124834805569382,-10.496749551994235,-9.04958000675476,-8.744123450657558,-8.723323532222466,-8.87734241711155,-8.979060797393078,-9.002697845738966,-9.219720102467384,-9.787465152144627,-10.131747659649838,-10.33892440261705,-10.52530175403849,-10.974707449211618,-11.24538503108961,-10.905427707258147,-10.773553672180489,-11.13695471753998,-11.52378793152554,-12.219976009945194,-12.370825148975678,-12.6544271831726,-12.839777792348274,-13.501048479194067,-13.497680671047855,-13.571564175458649,-14.622434010688782,-14.658157225728427,-16.279994571236887,-17.37693465739596,-17.361633050737545,-20.074569333010118,-22.052793001448638,-21.381032339896,-21.613553455277003,-27.341000035404168,-27.392447305038218,-25.367447651910563,-30.664781746841964,-39.33004274736774,-35.036008687628474,-49.38026742394303,-89.26755250916159,-143.02650465680264,9.0
-8.330765414527079,-17.758236027617794,-16.592982688659987,-14.854273626438536,-13.053344101764505,-11.561518355025456,-10.332881992886037,-9.589083915719238,-8.756490140370802,-8.222445516545037,-7.392845244034168,-6.389062753860177,-5.467706706714848,-6.863138710399291,-7.047220531709803,-6.642436618843363,-5.489980947831267,-4.777408799426469,-4.658275918650128,-4.479020053715664,-4.371799418454944,-4.217882872680103,-4.0967956681258455,-3.9880028296463093,-3.8508282124325097,-3.69452040502586,-3.6068069285092967,-3.422772029729311,-3.352653661443052,-3.52857381349088,-3.9434660015683027,-3.543897151151459,-3.9110131529778953,-4.628956172949832,-6.376031511116415,-11.073991913629044,-10.471904043523175,-8.254110956856495,-7.355857222635385,-6.418972333236335,-6.8895161915797125,-6.846201656465331,-6.971231337531074,-7.025366396298424,-7.1887362555409915,-7.321154223199919,-7.3390015561706,-7.28339448663873,-7.299225351447705,-7.351557812317949,-7.4091387477817285,-7.471915231433321,-7.591704484154628,-7.507047365570765,-7.331361882082512,-7.288461918935732,-6.028914543476865,-12.887187744778986,-12.666939381446575,-12.699480973731854,-6.5554393331483185,-8.238629040188737,-9.363385309648722,-9.71099103348483,-9.387947915908462,-9.306275383679198,-9.043384957335878,-8.853742878097302,-8.6919309201313,-8.56962111620153,-8.40651199593326,-8.397360061784374,-8.303036365906022,-7.863594794488062,-5.870596231432523,-12.855367892285043,-19.072898928649604,-23.511779938742226,-19.763375098714278,-22.133055437229512,-17.06351556620265,-14.767888839144184,-14.729709897443655,-14.602634520538524,-14.028130389636798,-14.231789341591075,-13.083950083818866,-11.05263281734075,-9.442273860107232,-9.62863086808098,-12.41289727605775,-14.570525908899988,-14.483759359416183,-13.920027019865291,-14.487634031349204,-14.391402651758007,-14.308162594698858,-14.133884433223882,-14.251395175962069,-14.199714831534784,-15.494398043930827,-18.285215761908834,-69.34478595326989,-98.70743855839353,-56.65159793962888,-35.22265335893312,-28.78179924424647,-14.166169012280466,-10.603687226034738,-13.813841564611083,-10.381262653716474,-7.075079308135289,-5.823634774453951,-5.423912802273356,-5.267213076223014,-5.271810547694997,-5.346703636250012,-5.483033039371406,-5.684051445459045,-6.096757921643848,-6.220733059295126,-6.252386651312045,-6.532269284483881,-6.675904141396619,-6.628078618650865,-6.731229874483525,-6.990400009931672,-7.101308198083963,-7.129647206999975,-7.272208171564461,-7.318549945458341,-7.361791061966026,-7.428374267548111,-7.501143856001814,-7.568250508639412,-7.808201325846566,-8.023833717911351,-8.044829124027542,-8.26498383681668,-9.260690170709957,-11.228413472874909,-14.807980978083183,-28.668453788971224,-85.97564893353363,-91.78719680424652,-60.377563735347294,-24.97941547077221,-12.603983985401833,-9.593087252669626,-11.431388814128871,-27.208825548912596,-26.180601351019565,-13.017593869977603,-9.041333542706594,-9.471111008876637,-11.863800454628755,-12.12581154939902,-10.49782884401168,-9.049954745913269,-8.744908145055726,-8.723999743602052,-8.878344691787834,-8.979984175084354,-9.003676406483786,-9.220864103700675,-9.788848236421389,-10.133653244686194,-10.340487169278015,-10.52700484597907,-10.976332900545675,-11.246591104705004,-10.906779235071452,-10.774875603951685,-11.137968499159046,-11.526556721433856,-12.221252537424503,-12.372266669816058,-12.655486702081443,-12.84222048071936,-13.503531231881515,-13.500169083028709,-13.573817933586378,-14.623267649745667,-14.658660495905457,-16.28127836204127,-17.37767871149262,-17.360400119689732,-20.074229498059324,-22.048628374862066,-21.378684882538263,-21.613954375202518,-27.341000035404168,-27.396451141436376,-25.365171412037917,-30.667340363760097,-39.332901072130745,-35.02361662667237,-49.38486161935351,-89.24441221539671,-143.02650465680264,9.0
-8.335568477135093,-17.763002684679428,-16.59459239067559,-14.8544892991665,-13.054905881336191,-11.561978448098914,-10.33324532718643,-9.589104595225601,-8.756775026873589,-8.222788585024192,-7.392949343920899,-6.389278338535673,-5.467737975495657,-6.8631873549835385,-7.047257795189166,-6.64257043382618,-5.490074462906551,-4.777496963764627,-4.658241455113009,-4.479061764356478,-4.3717513067056135,-4.217851017345985,-4.096774107826142,-3.9880242151818677,-3.8507881993486652,-3.6953098005788965,-3.6067305777146155,-3.422747011812676,-3.3525872380321595,-3.528556143084081,-3.943430555815686,-3.5440263792816045,-3.911148338219404,-4.629211773034369,-6.376414228285534,-11.07529531875838,-10.472316336067847,-8.25446303305421,-7.3560874565050876,-6.419157671280434,-6.889720732019208,-6.8463886414058654,-6.971317699549044,-7.025460330365081,-7.188881191310003,-7.321224534777896,-7.339167104923253,-7.283492434678026,-7.299379466152574,-7.351616451561159,-7.40925558092314,-7.472123870250418,-7.591872172025462,-7.507096367969362,-7.3314964118808295,-7.288761949857982,-6.028982142526003,-12.887679654288755,-12.667828574198909,-12.699789825278675,-6.555614680949254,-8.238985683329165,-9.36354033933566,-9.711121686757371,-9.388206082149468,-9.306418372821787,-9.04349332131666,-8.853912527823024,-8.692196764835982,-8.569813689051733,-8.406795176015416,-8.397635230712327,-8.303362348162151,-7.863677005298726,-5.873099130680971,-12.855738441702337,-19.071642060145944,-23.515393783266454,-19.76502706573146,-22.134593289075898,-17.063237205004157,-14.767969357089635,-14.731753028667594,-14.604144816586818,-14.029792098184068,-14.231789341591075,-13.085126415386465,-11.05293002548474,-9.442962112810815,-9.629525854380134,-12.413883455690277,-14.572060607689599,-14.485339096425566,-13.921911904997588,-14.48803235209754,-14.391781943590733,-14.307689466674216,-14.1343504774998,-14.251593165177336,-14.1996357477946,-15.494830895918337,-18.283089458019248,-69.37724727190962,-98.70743855839353,-56.66887970123291,-35.21519882621563,-28.776966785938782,-14.164731527308364,-10.601733932613376,-13.811029678665626,-10.37959084428826,-7.073810742886521,-5.822531228715843,-5.423051894840446,-5.26662809690277,-5.271082401636879,-5.34598165691261,-5.482426690275939,-5.683431554102582,-6.095930665640832,-6.2201110171608684,-6.251571630474302,-6.531635650486421,-6.675154448808756,-6.6273646216688755,-6.730554155223398,-6.989891386087703,-7.100859230182582,-7.1291652740524,-7.271673338303519,-7.318045983103522,-7.361228190591557,-7.427846934583508,-7.500729444983197,-7.567653333646454,-7.807791078011825,-8.023478008257994,-8.044246616830018,-8.264213716531362,-9.260230746686105,-11.228269108738587,-14.805811018338837,-28.66778438309078,-85.9619566186501,-91.89293394345309,-60.381015470702366,-24.975576216578137,-12.602269250346136,-9.592567294443846,-11.430606725317197,-27.212095950033227,-26.17458378877061,-13.017076862085998,-9.039745978130332,-9.47050348114965,-11.863385013751003,-12.123749534647562,-10.496441182846391,-9.048723460106734,-8.743878233658128,-8.723130328971157,-8.876741052305777,-8.979471187478088,-9.00254333614768,-9.219992483713405,-9.787465152144627,-10.131747659649838,-10.338782332920598,-10.525375801514167,-10.974544904078213,-11.244609698051141,-10.90510970071384,-10.772931586641105,-11.136701272135216,-11.523880224522483,-12.220933405554675,-12.370825148975678,-12.655486702081443,-12.840022061185383,-13.501876063423216,-13.500169083028709,-13.571000735926715,-14.620933460386384,-14.65715068537437,-16.27849681529844,-17.376438621331516,-17.359660361061046,-20.074569333010118,-22.04987776283804,-21.383379797253735,-21.61475621505356,-27.344313994354124,-27.391112692905498,-25.361187992260795,-30.678427703738667,-39.322896935460236,-35.01685732069632,-49.39175291246924,-89.12871074657224,-143.12708172538277,9.0
-8.332202363836252,-17.76285196034546,-16.593193303876983,-14.8552251237678,-13.054312906204695,-11.56209492735802,-10.333495119517949,-9.589158361942147,-8.756722270113816,-8.22313851487293,-7.393140662631645,-6.389353133219008,-5.46790821663562,-6.863445171280053,-7.047461502209687,-6.642768926050693,-5.490174540443259,-4.777601658916189,-4.658428936754939,-4.47918151426075,-4.372922892817687,-4.218962278424664,-4.096980128467753,-3.987267404840158,-3.850103531025104,-3.694660216227352,-3.6069356341346173,-3.4229442684630644,-3.3527799594778482,-3.5287646538843083,-3.943601454980089,-3.543987731616514,-3.9112128302612246,-4.6291815407663055,-6.376316215351979,-11.075450486035685,-10.472452470398636,-8.254513054809076,-7.356207178117334,-6.419302090535576,-6.889805104950501,-6.846459064305547,-6.97146163624566,-7.025690895801418,-7.188993343988403,-7.321226665431773,-7.339359293705068,-7.283622496828567,-7.299628038257204,-7.3517789660352015,-7.40942821496791,-7.47225361203584,-7.591988988295031,-7.507344102317831,-7.331779783158137,-7.2889728626845125,-6.029201163445208,-12.88835602986469,-12.66918851605542,-12.70111347476505,-6.552771541605509,-8.239439978758044,-9.363966670974747,-9.711480983256857,-9.388631063500045,-9.306739132249756,-9.04390809379483,-8.8542446081372,-8.692466154136726,-8.570153317532998,-8.40702100316954,-8.397850903655854,-8.303532920272914,-7.864005848541379,-5.8732254789603395,-12.857396162779697,-19.075184144110803,-23.52198373504593,-19.767780344093428,-22.13797656313795,-17.065241405633312,-14.769606555313768,-14.732774594279562,-14.604714272473878,-14.030102283779556,-14.233013372906324,-13.086378639313265,-11.054105348599599,-9.443375064432965,-9.629885906339563,-12.414597585769002,-14.572545249412634,-14.486434720480464,-13.921977656804529,-14.489811518106773,-14.393536168317093,-14.309321758359234,-14.135981632465507,-14.252451118443512,-14.201336048208546,-15.49706729785381,-18.29145291998496,-69.30420930497021,-98.72558297567119,-56.6487176460282,-35.22265335893312,-28.786631702554164,-14.168468988235832,-10.604121291239483,-13.815180557918444,-10.382131994619145,-7.075643114912519,-5.823698196622808,-5.424092552176931,-5.267557653082884,-5.272007753919071,-5.346936775411049,-5.483312892800083,-5.684327883496386,-6.096946410353396,-6.221076254955406,-6.25260607999913,-6.532703441111772,-6.676272842669339,-6.628389552820442,-6.731526242580071,-6.99077478539565,-7.101827317219935,-7.130058267455259,-7.27260547627259,-7.319006661342398,-7.362122162774538,-7.428708245092359,-7.501878493716637,-7.5687282486337795,-7.808793906052301,-8.024341874559006,-8.045332198425406,-8.265398516970313,-9.26156725293731,-11.229857114238122,-14.80928295392979,-28.672470224253896,-85.93457198888309,-91.88480031736027,-60.42588803031827,-24.97941547077221,-12.606311125834564,-9.594257158677634,-11.43305075285368,-27.225177554515746,-26.191432963067673,-13.01953264957112,-9.041716747949138,-9.472447569876008,-11.866500820334155,-12.127439455781747,-10.498908136029128,-9.05070422423029,-8.746232316852636,-8.724820857420116,-8.879146511528864,-8.981369241621268,-9.004706470425699,-9.222334962429194,-9.789351176158391,-10.133381018252429,-10.3415526920014,-10.528263653065586,-10.977064353646,-11.247797178320399,-10.908051261248682,-10.77557545018349,-11.139066762579699,-11.526279842443023,-12.223167328643465,-12.37392996309342,-12.657605739899127,-12.84222048071936,-13.505186400339817,-13.502657495009563,-13.573113634171461,-14.624601472236689,-14.659834792985187,-16.279566640968756,-17.378422765589285,-17.362619395575795,-20.076608342714895,-22.055291777400583,-21.386118497504427,-21.61876541430875,-27.343651202564136,-27.39378191717094,-25.36915483181504,-30.67245759759636,-39.332901072130745,-35.02586972866439,-49.387158717058746,-89.23669878414174,-143.20754338024685,9.0
-8.334171222558215,-17.760496892627266,-16.591959700463157,-14.855351990078372,-13.053953780420834,-11.56200756791369,-10.333463327766665,-9.588988789989964,-8.756708201644543,-8.223021871590019,-7.3931575436943575,-6.389229941975867,-5.467890845090726,-6.863333288736282,-7.047476407601432,-6.642715400057565,-5.490105634598313,-4.777576862696082,-4.658343467182883,-4.479139803619936,-4.372924193135236,-4.21889611734611,-4.096896282857795,-3.988145399883366,-3.850884897634623,-3.6945913860973874,-3.6068581926142977,-3.422829763383083,-3.352712600525957,-3.5286845480401534,-3.9435558818695817,-3.5440614037280924,-3.9112115900296507,-4.630368844384802,-6.376495905730162,-11.075078084570157,-10.472028509197038,-8.253914717664326,-7.355688384464269,-6.41882310000602,-6.889309094384725,-6.8460207424644235,-6.971112075696733,-7.025103096263102,-7.188427404318932,-7.320774966809621,-7.338944470393823,-7.283188956326763,-7.29912095116376,-7.351279694764432,-7.40895390728935,-7.47188542588802,-7.59148215641577,-7.506919414863315,-7.3311615185531025,-7.288387653855967,-6.028822608770039,-12.884974151985018,-12.666573243254438,-12.69915006136026,-6.555309909771437,-8.238641777443753,-9.363131233217347,-9.710786887746488,-9.387951887696786,-9.30607829053671,-9.04326911997711,-8.853623762332434,-8.691806859269114,-8.569526580438703,-8.406425966541214,-8.397341469289243,-8.302975718044419,-7.863497636257279,-5.872945707770309,-12.855016845468661,-19.07038519164228,-23.507740936038683,-19.760842082621263,-22.135054644629815,-17.06173405453229,-14.76845246476233,-14.731478950088771,-14.60325349432881,-14.028241170206615,-14.23162767707774,-13.084557222692467,-11.05259228895748,-9.442814630088618,-9.629052643233456,-12.413390365874012,-14.572329853091286,-14.48365744089945,-13.920509199782856,-14.48734192946709,-14.392137529683913,-14.308091625495162,-14.13385854187522,-14.251725157987519,-14.200228875845978,-15.496273735876708,-18.28620803705731,-69.3813049367396,-98.72558297567119,-56.665999407632235,-35.22265335893312,-28.785941351367352,-14.165019024302783,-10.603687226034738,-13.812636470634459,-10.380460185190932,-7.074585977205213,-5.823228872573268,-5.423676289242337,-5.267100888408172,-5.271499568649342,-5.3463802496718005,-5.48279205447449,-5.68396767635682,-6.096454245389576,-6.2204863874143,-6.252031385818669,-6.531987669373899,-6.675633760463292,-6.6278828452848355,-6.7309809252824255,-6.990306316065678,-7.1011819258617,-7.1295196365138525,-7.272024800160709,-7.318502698987577,-7.3618241720468784,-7.428374267548111,-7.5011626928662976,-7.568529190302794,-7.8082469089393145,-8.023935349240883,-8.045040944826642,-8.265250416915446,-9.261274892194859,-11.230434570783407,-14.808993625963879,-28.671800818373452,-86.04411050795117,-91.89293394345309,-60.41208108889799,-24.976124681463002,-12.605086315080493,-9.59367220567363,-11.43295299175222,-27.222561233619242,-26.19383998796725,-13.0174646180047,-9.041552517130905,-9.472083053239816,-11.86421589550651,-12.126028603583382,-10.498368490020402,-9.050597155899288,-8.745251448854926,-8.72419294685336,-8.87839480552165,-8.980497162690618,-9.004345948046028,-9.221354389943516,-9.788911103888513,-10.133381018252429,-10.340629238974467,-10.526782703552037,-10.97617035541227,-11.246418808474234,-10.90709724161576,-10.774875603951685,-11.138052980960634,-11.526649014430799,-12.222209933033984,-12.373042873345494,-12.658076637191945,-12.84283115281213,-13.504082954700948,-13.50168977923923,-13.57339535393743,-14.624601472236689,-14.66050581988789,-16.281064396907205,-17.379166819685945,-17.36311256799492,-20.076268507764098,-22.053625926765957,-21.387292226183295,-21.616359894755636,-27.34696516151409,-27.393114611104576,-25.37541449146481,-30.670751852984274,-39.34004688403825,-35.030375932648425,-49.39864420558495,-89.24441221539671,-143.20754338024685,9.0
-8.330789231366458,-17.758236027617794,-16.593042864436274,-14.854438552642275,-13.054312906204695,-11.56249678080193,-10.333694953383164,-9.589505777649057,-8.75718301248252,-8.223183113775223,-7.393346048894652,-6.389403729622441,-5.468038503222327,-6.863605698408071,-7.047749673116766,-6.643012023269478,-5.490312352133153,-4.777735282991209,-4.65852129903442,-4.480409959907943,-4.373078930923623,-4.219138707967476,-4.096183595173149,-3.98744442955117,-3.850271363682341,-3.6948172349613344,-3.6070763377419586,-3.4230539624052314,-3.3529259038736123,-3.5289177974098993,-3.9437419720708204,-3.5442558497930783,-3.9113877029130846,-4.630394954070857,-6.376698932521098,-11.076189082275642,-10.47306701966334,-8.254747772274218,-7.356259364461133,-6.419448916778305,-6.889766753618095,-6.846528273017303,-6.971572673125907,-7.025646775254958,-7.189003696543333,-7.32136302727997,-7.33941447662262,-7.283699570695554,-7.299584952425734,-7.351830903650617,-7.40951366010118,-7.47231672966118,-7.592015366162354,-7.50760272608821,-7.331774058485868,-7.288910480017511,-6.029295802114,-12.88789486469928,-12.66945004333552,-12.701334083012776,-6.555823428331321,-8.239444224509715,-9.36407863685976,-9.711664714421367,-9.3888296529162,-9.30683961110671,-9.044020194464604,-8.854370943039331,-8.69244134196429,-8.570170824155745,-8.407139293583604,-8.398021954611066,-8.303616311082623,-7.864144112177494,-5.873366868701538,-12.857220639371505,-19.07769788111812,-23.513480571459514,-19.76910191770717,-22.141513622384643,-17.064350649798133,-14.770626449289459,-14.734070238470352,-14.605655112635109,-14.031032840566027,-14.234768587622531,-13.086928858917464,-11.05495644464829,-9.444151806769865,-9.6305751486619,-12.415175691070827,-14.57356838193904,-14.486332801963728,-13.923007768446597,-14.491962450147787,-14.395693390615724,-14.311332552463965,-14.137172634503957,-14.254266019583495,-14.203471309193501,-15.49851013781218,-18.28904310891009,-69.34478595326989,-98.74372739294883,-56.691922050038286,-35.23117282489598,-28.79491591679592,-14.17048146719678,-10.60592989625926,-13.816519551225806,-10.383736931670231,-7.076159937791647,-5.824345102745148,-5.424669643972617,-5.268014417757596,-5.272470430060166,-5.347335368170239,-5.483763767768507,-5.684956151763071,-6.097459518507166,-6.221526699259523,-6.253138978239193,-6.533266671331737,-6.67692421491781,-6.629103549802432,-6.732166397668612,-6.991631415027599,-7.102416587590497,-7.13085203936891,-7.273400085688846,-7.319699609580275,-7.363198240402202,-7.429534400070239,-7.502349415328702,-7.569823069454204,-7.809728359453654,-8.025281964357168,-8.04644425762068,-8.26670179745316,-9.262903759188518,-11.232600032828227,-14.81015093782753,-28.67648665953657,-85.99618740585889,-91.9010675695459,-60.418984559608134,-24.984351654736024,-12.607658417664037,-9.594517137790525,-11.433637319462438,-27.229756116084626,-26.189025938168097,-13.01953264957112,-9.043468543343634,-9.473601872557282,-11.866396960114717,-12.128416199611383,-10.500835443203139,-9.052256715029838,-8.746869881051149,-8.72593177611515,-8.880249013672778,-8.982497814355051,-9.006200063141474,-9.223587916160897,-9.791111465237904,-10.135694942939436,-10.343257528358818,-10.52930031772507,-10.978608532413352,-11.24943399251272,-10.909800297242374,-10.777363946109224,-11.14058743500829,-11.529325511342172,-12.225401251732258,-12.37492793905984,-12.66066657230245,-12.846006647694544,-13.507945014436983,-13.50500766188037,-13.575367392299194,-14.627435845030107,-14.663357684224385,-16.286627490392863,-17.381647000008154,-17.366318188719237,-20.081366032026047,-22.0561247027179,-21.39120465511285,-21.621972773712905,-27.35889541373393,-27.401789589967258,-25.373707311560324,-30.681839192962844,-39.34147604641975,-35.03150248364444,-49.40783259640592,-89.21355849037684,-143.12708172538277,9.0
-8.335552599242172,-17.75821718707605,-16.59343400698212,-14.855339303447312,-13.054947640148267,-11.562327885876227,-10.333685870025654,-9.589174905547237,-8.756834817868002,-8.223039025013977,-7.392999987109038,-6.389346533688125,-5.467923851026025,-6.863350314340769,-7.04765278807042,-6.6426551833152985,-5.490174540443259,-4.777585128102785,-4.658368280929609,-4.47917613224258,-4.372922892817687,-4.2189046937822186,-4.09694060125163,-3.988116885835954,-3.8500690753140163,-3.694599989863633,-3.6068767349501485,-3.4228576679824063,-3.352732246886925,-3.5286833700130336,-3.943595125381407,-3.5441495687140803,-3.9112413555874146,-4.630338612116739,-6.376456233828486,-11.074780163397739,-10.472040177853964,-8.254130195992984,-7.355877176237425,-6.418998810099778,-6.889600564511005,-6.846097236303733,-6.971266978998807,-7.025256806553993,-7.188663787656487,-7.32113078600726,-7.338931150379241,-7.283428206455537,-7.299245237216075,-7.351460638714912,-7.409081203100139,-7.471988868662884,-7.591808111490537,-7.507101812680318,-7.331453476838812,-7.288565890047402,-6.02894158309652,-12.888171563798526,-12.66769781055886,-12.700275163423678,-6.555522832101145,-8.238917751302417,-9.363333633086409,-9.711072691780169,-9.388130618171328,-9.306325623107675,-9.043459691115729,-8.853865603430803,-8.69194509851555,-8.569719153288908,-8.406626701789323,-8.39753854973764,-8.303229680964888,-7.863665794733635,-5.873035956541286,-12.855738441702337,-19.075184144110803,-23.51156735965257,-19.762714311907406,-22.13782277795331,-17.064573338756926,-14.768023035719935,-14.730731463055625,-14.603624878602979,-14.029238195334978,-14.232112670617745,-13.085259227015065,-11.052848968718198,-9.442804797907138,-9.629093792028819,-12.413356359679787,-14.571468267805889,-14.484192513112305,-13.920618786127756,-14.48803235209754,-14.392137529683913,-14.307500215464358,-14.13385854187522,-14.251428174164612,-14.199833457145058,-15.495119463910012,-18.282805950833968,-69.3163822994601,-98.82537727069824,-56.66887970123291,-35.21200402647955,-28.789393107301418,-14.166887754766519,-10.604121291239483,-13.81397546394182,-10.38092829183083,-7.074867880593828,-5.823203503705725,-5.423751973412263,-5.267156982315593,-5.271658850599556,-5.346500579561368,-5.48293975489518,-5.683950922536376,-6.096422830604652,-6.220529286871835,-6.25217767161006,-6.532058073151395,-6.675867271269348,-6.627940425686609,-6.731170600864216,-6.990413394769671,-7.101195956108618,-7.129491287516936,-7.272177609663835,-7.318439703693224,-7.361708286763898,-7.428374267548111,-7.5013322246466405,-7.568250508639412,-7.808360866671187,-8.024036980570413,-8.045305720825517,-8.265339276948366,-9.26119136055416,-11.230073660442605,-14.80812564206614,-28.672470224253896,-86.00987972074239,-91.93360207391716,-60.43969497173856,-24.978318541002473,-12.60484135292968,-9.594127169121188,-11.432366425143465,-27.226485714963996,-26.183610132144036,-13.019661901544021,-9.041662004343062,-9.472265311557912,-11.864942917042578,-12.126571239044292,-10.498291397733443,-9.05027595090628,-8.74564379605401,-8.723854841163568,-8.878495032989278,-8.980497162690618,-9.004139935257648,-9.221299913694311,-9.788659634020012,-10.133381018252429,-10.340629238974467,-10.526782703552037,-10.97657671824578,-11.246849549051161,-10.90685873670753,-10.774409039797144,-11.138306426365398,-11.526187549446078,-12.222103555744042,-12.37248844225304,-12.6568993939599,-12.842464749556468,-13.503807093291233,-13.500998553688994,-13.573113634171461,-14.624768200048065,-14.66050581988789,-16.28256215284565,-17.37792672952484,-17.363852326623608,-20.07830751746888,-22.056957628035214,-21.388074711969207,-21.61956725415979,-27.351604704044025,-27.399787671768173,-25.372000131655845,-30.671604725290315,-39.33575939689374,-35.02812283065641,-49.36878193541683,-89.26755250916159,-143.12708172538277,9.0
-8.332162669103955,-17.760628776419484,-16.59605165325048,-14.854438552642275,-13.054822363712036,-11.56281127480151,-10.333981079144724,-9.58969189320633,-8.75722170077302,-8.223378662808342,-7.3934670298440945,-6.389720507104803,-5.4680263431409,-6.863739471014752,-7.047819231611578,-6.643125766004871,-5.4904682105919616,-4.777791763270341,-4.6586109042309305,-4.480465125594181,-4.373164751881888,-4.219147284403585,-4.096224320183699,-3.987468191257346,-3.8502869243260585,-3.6948322915522644,-3.607133055475151,-3.4230953381904343,-3.352957712267561,-3.5289554942777372,-3.943843245649726,-3.5442594730116808,-3.911422429397142,-4.630462289576998,-6.376918294800958,-11.07604012168943,-10.473121473395654,-8.254668891814621,-7.356250155106345,-6.419357451250048,-6.889796156306272,-6.846440851486664,-6.971497277713394,-7.025538608753961,-7.188951933768687,-7.321531348936338,-7.339319333661324,-7.283709204928929,-7.299551809478451,-7.3518593855687495,-7.40947006564543,-7.472337768869627,-7.591988988295031,-7.507409438849295,-7.331782645494269,-7.288928303636654,-6.02920657136914,-12.889647292327837,-12.66945004333552,-12.700914927342094,-6.555840128121885,-8.239363555227952,-9.363940832693592,-9.711640216932764,-9.388603260981782,-9.306770048821127,-9.043844570081959,-8.854226560294038,-8.692409440599729,-8.570062283094721,-8.40709269432958,-8.39793642913346,-8.303669377961524,-7.864065638221862,-5.873369876993904,-12.857064618564223,-19.076555273387523,-23.5183698905217,-19.772736245144973,-22.144743111262056,-17.066243505947888,-14.771243753537902,-14.73354699754715,-14.606694988602783,-14.031121465021881,-14.235091916649202,-13.087630863240062,-11.054834859498477,-9.443915834414351,-9.630554574264218,-12.415345722041952,-14.57513000526882,-14.487301027872707,-13.923818707398866,-14.490873706769003,-14.395361510262088,-14.311001362846715,-14.137146743155295,-14.25449700700131,-14.203352683583226,-15.499952977770548,-18.28904310891009,-69.34478595326989,-98.71651076703235,-56.691922050038286,-35.2205234924424,-28.793535214422295,-14.170050221705146,-10.606436305664799,-13.818260242525374,-10.383937548801617,-7.076559300925517,-5.824446578215317,-5.4247926307487475,-5.268118592157091,-5.272584202881747,-5.347425615587414,-5.48391924189555,-5.685023167044851,-6.097700365191588,-6.221698297089663,-6.253285264030582,-6.533348809072149,-6.677182305808714,-6.62914961412385,-6.732379782698126,-6.991738493731592,-7.1027392832696155,-7.130866213867368,-7.273644580893849,-7.319920093110509,-7.363148575280926,-7.4297804887870535,-7.502782663211802,-7.569982316118993,-7.810047441102896,-8.025815528837207,-8.046814944019106,-8.26708685759582,-9.262987290829217,-11.232022576282942,-14.811452913674136,-28.669123194851668,-85.86611041446554,-91.9010675695459,-60.42588803031827,-24.983254724966287,-12.60680105013619,-9.595687043798533,-11.43481045267995,-27.234334677653507,-26.19383998796725,-13.022376192974942,-9.043578030555791,-9.474209400284268,-11.867954863406293,-12.130478214362839,-10.501220904637943,-9.052738522519352,-8.74775266224909,-8.726028377740805,-8.880950605946179,-8.982703009397557,-9.006663591915336,-9.223751344908509,-9.791237200172155,-10.13637550902385,-10.343186493510592,-10.530040792481845,-10.979502530647082,-11.250640066128117,-10.909879798878448,-10.778219313725879,-11.141263289421,-11.529971562320776,-12.22603951547191,-12.375815028807764,-12.660431123656041,-12.846128782113096,-13.508496737256417,-13.505284152100463,-13.577621150426923,-14.627936028464239,-14.665035251481147,-16.28833921146537,-17.382639072137035,-17.367057947347924,-20.08170586697684,-22.061122254621786,-21.392769626684675,-21.6239773733405,-27.359558205523918,-27.405793426365417,-25.381105091146413,-30.678427703738667,-39.35862599499776,-35.04614764659255,-49.39405001017448,-89.34468682171125,-143.12708172538277,9.0
-8.330765414527079,-17.765263549688896,-16.593343743317696,-14.855263183660973,-13.05450499674025,-11.562572492320346,-10.334071912719823,-9.589683621403786,-8.757235769242293,-8.222942965839811,-7.393416386655957,-6.389630313516075,-5.467956856961323,-6.8635789438867345,-7.04758074534365,-6.6428157612946785,-5.490289383518171,-4.777667782169807,-4.658473050082453,-4.48030097404001,-4.373056825525283,-4.219041916759961,-4.097016062300593,-3.9873398780439953,-3.850166885074525,-3.694720442591071,-3.606981444611426,-3.4230068132546507,-3.352844511806744,-3.5288318014301443,-3.9436938671208406,-3.5442087479512496,-3.911242595818988,-4.630407321816882,-6.376526243066739,-11.07508429126125,-10.471981834569338,-8.254189837316092,-7.355897129839467,-6.419001217087364,-6.8894727267363205,-6.846184657834373,-6.971310845420633,-7.025263922771164,-7.18880182172221,-7.321066866390918,-7.339068156243505,-7.283418572222163,-7.2993065516685505,-7.351531005806766,-7.4091213099994295,-7.472001141534479,-7.591834489357859,-7.507139925657006,-7.331424853477468,-7.288554007634641,-6.0289902544119,-12.887618165600035,-12.668299323303087,-12.699966311876858,-6.555522832101145,-8.238773395745577,-9.363639386080097,-9.71120334505271,-9.38823388466773,-9.306422237393207,-9.04353442489558,-8.853858384293538,-8.692030168821049,-8.569894219516364,-8.406698392949362,-8.3976315122133,-8.30324484293029,-7.863677005298726,-5.873162304820655,-12.855231374078672,-19.07129927782676,-23.516456678714757,-19.764256147790107,-22.132440296490955,-17.061901071251384,-14.76842562544718,-14.731753028667594,-14.604491441909374,-14.029969347095776,-14.232482189505367,-13.085316146284466,-11.05299757279019,-9.442912951903416,-9.629536141578976,-12.414172508341188,-14.57203368314943,-14.485033340875365,-13.921692732307788,-14.488058906814096,-14.392445704298003,-14.307500215464358,-14.134195129407827,-14.250702213708621,-14.201019713247813,-15.495552315897523,-18.28266419724133,-69.3163822994601,-98.70743855839353,-56.66311911403157,-35.20987415998884,-28.789393107301418,-14.166169012280466,-10.6031808166292,-13.81196697398078,-10.381262653716474,-7.074703436950469,-5.823089343801783,-5.4235249209024845,-5.2669566469319475,-5.271681605163872,-5.346462976470878,-5.4828231492998984,-5.683858776523929,-6.096391415819727,-6.220368413906078,-6.252031385818669,-6.532011137299731,-6.675670630590563,-6.62774465232058,-6.730992780006287,-6.990172467685685,-7.101266107343208,-7.129491287516936,-7.272177609663835,-7.318486950163988,-7.361691731723473,-7.428180912127757,-7.5011626928662976,-7.568310226138709,-7.808292492032063,-8.02380831007897,-8.045146855226191,-8.265072696849602,-9.261274892194859,-11.229929296306283,-14.808993625963879,-28.663098541927656,-85.9619566186501,-91.9661365782884,-60.43624323638348,-24.981060865426816,-12.604351428628055,-9.594322153455856,-11.43285523065076,-27.225177554515746,-26.184813644593827,-13.018627885760813,-9.041552517130905,-9.471961547694418,-11.86556607835921,-12.126896820320837,-10.498368490020402,-9.05065069006479,-8.745104318655267,-8.724289548479016,-8.87864537419072,-8.980497162690618,-9.004139935257648,-9.221354389943516,-9.788659634020012,-10.133312961643988,-10.340629238974467,-10.52648651364933,-10.97657671824578,-11.246591104705004,-10.907256244887915,-10.774253518412298,-11.138728835373342,-11.526464428436912,-12.222316310323926,-12.373042873345494,-12.656781669636697,-12.842464749556468,-13.503669162586375,-13.501551534129185,-13.572268474873566,-14.624101288802557,-14.658996009356807,-16.28085043177314,-17.37767871149262,-17.363359154204485,-20.07728801261649,-22.054042389424612,-21.386509740397383,-21.61836449438323,-27.353593079413997,-27.39378191717094,-25.371431071687685,-30.677574831432626,-39.332901072130745,-35.022490075676366,-49.39175291246924,-89.23669878414174,-143.12708172538277,9.0
-8.335528782402793,-17.76285196034546,-16.59314817204477,-14.85327138258504,-13.055223248307977,-11.562403597394646,-10.333862995497098,-9.589807698441968,-8.757309628705979,-8.223368370753965,-7.393295405706514,-6.38958191695627,-5.468104515092924,-6.863647046304681,-7.047717378101318,-6.643041016515753,-5.49034188320956,-4.777761456779099,-4.658594361733113,-4.480407268898858,-4.373146547436196,-4.219147284403585,-4.096215935622704,-3.987445617636479,-3.850269140733239,-3.694833367023045,-3.607123238944406,-3.42309052705262,-3.3529736164645354,-3.5289743427116558,-3.9438622344457706,-3.5442582652721466,-3.9114199489339945,-4.630559857351203,-6.377025642299612,-11.076344249552944,-10.473428748028006,-8.254828576647466,-7.356426667739783,-6.419395963051419,-6.889998139990274,-6.846604766856613,-6.9717358013820725,-7.025733593104443,-7.189191767957882,-7.321542002205728,-7.339566705360691,-7.2838199986127234,-7.299644609730845,-7.351995093531609,-7.409620030573211,-7.47250082273509,-7.592173633366287,-7.507689841463495,-7.331974422015277,-7.28910653982809,-6.029363401163138,-12.889462826261674,-12.670339236087854,-12.701400265487097,-6.552850865610694,-8.23957584281154,-9.364526500399812,-9.71192193805168,-9.389028242332357,-9.3071642351061,-9.044255605871133,-8.854616393706332,-8.692785167782345,-8.570583980452543,-8.407415304549756,-8.398293405039988,-8.303938502847398,-7.8643496392041525,-5.873520291612199,-12.857240141972415,-19.081925529721342,-23.51815731143204,-19.768771524303734,-22.142128763123196,-17.066076489228795,-14.771700021895448,-14.73494230667569,-14.606373122231837,-14.032273582947989,-14.235715479772065,-13.087251401444062,-11.054402556743586,-9.444151806769865,-9.631099795802783,-12.415855814955327,-14.574860759867134,-14.48829473341087,-13.924695398158073,-14.491989004864344,-14.396025270969357,-14.310859424439323,-14.137794026871846,-14.25443101059622,-14.203629476673868,-15.497933001828832,-18.288617848132173,-69.36101661258975,-98.70743855839353,-56.68616146283694,-35.20987415998884,-28.789393107301418,-14.170050221705146,-10.606219273062425,-13.816519551225806,-10.384071293555873,-7.076112953893544,-5.824421209347776,-5.424679104493858,-5.268022431172941,-5.272591787736519,-5.347500821768394,-5.483888147070142,-5.684989659403961,-6.097668950406663,-6.221698297089663,-6.253347957941178,-6.533337075109233,-6.6770962755117464,-6.629138098043496,-6.732356073250402,-6.991711724055594,-7.1027112227757785,-7.130937086359658,-7.273659861844161,-7.3198413489925676,-7.36328101560433,-7.429710177725106,-7.502631968295941,-7.5698827869535,-7.809682776360906,-8.025154925195254,-8.046682556019668,-8.266790657486082,-9.262820227547817,-11.232094758351103,-14.810874257742311,-28.675147847775676,-85.94141814632485,-91.89293394345309,-60.39137067676758,-24.98764244404523,-12.60680105013619,-9.595102090794528,-11.433637319462438,-27.228447955636373,-26.189025938168097,-13.022634696920745,-9.043085338101088,-9.473115850375693,-11.86816258384517,-12.129175889256654,-10.501143812350982,-9.052470851691844,-8.747164141450462,-8.726028377740805,-8.880399354874221,-8.982703009397557,-9.006200063141474,-9.22315210616726,-9.790859995369404,-10.135626886330995,-10.342973388965914,-10.529374365200749,-10.979339985513677,-11.249606288743493,-10.909879798878448,-10.777597228186494,-11.141516734825768,-11.529140925348283,-12.225720383602084,-12.376036801244746,-12.659371604747198,-12.845029572346109,-13.507393291617548,-13.505560642320559,-13.575789971948142,-14.627769300652862,-14.662518900596005,-16.286413525258798,-17.382639072137035,-17.36927722323399,-20.080346527173656,-22.0590399413285,-21.388465954862163,-21.621170933861865,-27.357569830153945,-27.401789589967258,-25.372569191624006,-30.683544937574936,-39.34004688403825,-35.045021095596546,-49.40553549870069,-89.17499133410203,-143.28800503511096,9.0
-8.335512904509875,-17.760553414252502,-16.59460743461966,-14.853525115206178,-13.054463237928172,-11.562322061913274,-10.33344061937289,-9.589332069795603,-8.756859437689231,-8.222901797622313,-7.393036562744915,-6.389366332280773,-5.467823096065638,-6.8633186953610075,-7.047324869452019,-6.642628420318734,-5.490115478290448,-4.77753140295922,-4.658351738431792,-4.479164022701699,-4.3719060444940006,-4.2189206214492785,-4.096879513735804,-3.9880978764710138,-3.850881563210969,-3.6945526691492816,-3.6068625555168508,-3.422829763383083,-3.3527144716079538,-3.5286692336875944,-3.9435672751472084,-3.5440614037280924,-3.911184304935035,-4.62918841173632,-6.3763908918727825,-11.07508429126125,-10.472184091289368,-8.254189837316092,-7.355955455753125,-6.419169706218362,-6.889569883445081,-6.846200442277405,-6.971223112576981,-7.0253749357590305,-7.1887276284118835,-7.321164876469309,-7.3389901390152446,-7.283352738294111,-7.299391066184123,-7.351531005806766,-7.409100384660669,-7.4720554928229665,-7.59184767829152,-7.507082756191974,-7.331499274216964,-7.288571831253784,-6.029084893080692,-12.886111692726363,-12.668142406935027,-12.699966311876858,-6.555522832101145,-8.238888031040714,-9.363393922409108,-9.71122784254131,-9.388206082149468,-9.306406779107522,-9.04347837456069,-8.853948623509346,-8.692001812052549,-8.569813689051733,-8.406762914993397,-8.397501364747377,-8.303441948480508,-7.863774163529509,-5.873099130680971,-12.856167498922359,-19.073241710968784,-23.513693150549173,-19.76304470531084,-22.138284133507227,-17.06401661635994,-14.767110499004843,-14.730856044227815,-14.60330301223203,-14.028905853625522,-14.231396727772976,-13.085278200104867,-11.0529840633291,-9.44268681172938,-9.628651442478661,-12.414512570283438,-14.573029891135668,-14.48437087051659,-13.921648897769826,-14.488775884161099,-14.39216123542346,-14.307784092279144,-14.133910324572545,-14.251098192139162,-14.20026841771607,-15.494398043930827,-18.28408173316772,-69.3163822994601,-98.62578868064412,-56.657358526830215,-35.20028976078063,-28.7831799466201,-14.166169012280466,-10.602095653617333,-13.813038168626669,-10.380593929945189,-7.074656453052366,-5.8229751838978405,-5.423572223508689,-5.266948633516602,-5.271287192715724,-5.346267440400332,-5.482652127760152,-5.683733122870591,-6.096276228275003,-6.220186091211555,-6.251926895967677,-6.531823393893076,-6.6754248297420835,-6.6276640397580975,-6.730731976081326,-6.990052004143693,-7.1010416233925175,-7.129363717030814,-7.27185670970727,-7.318077480750698,-7.361410296036238,-7.428075445534836,-7.500974324221471,-7.568170885307018,-7.807996201929195,-8.023478008257994,-8.044855601627429,-8.264598776674022,-9.260815468171007,-11.2297127501018,-14.80812564206614,-28.671800818373452,-86.02357203562589,-91.86039943908185,-60.41208108889799,-24.97173696238406,-12.604351428628055,-9.593282237004296,-11.43168209743325,-27.223215313843365,-26.18601715704362,-13.0173353660318,-9.04062187582758,-9.471779289376322,-11.864942917042578,-12.125160386845929,-10.497366290289916,-9.049044665099743,-8.744957188455611,-8.723758239537915,-8.877643099514435,-8.9798815775631,-9.003676406483786,-9.220591722454653,-9.788093826815883,-10.132768508776458,-10.33991889049221,-10.52611627627094,-10.976007810278862,-11.245988067897306,-10.906699733435376,-10.77378695425776,-11.137461608349515,-11.525910670455248,-12.221784423874215,-12.371712238723603,-12.656075323697468,-12.841609808626588,-13.501876063423216,-13.500169083028709,-13.572831914405496,-14.622934194122914,-14.658996009356807,-16.28085043177314,-17.37792672952484,-17.36187963694711,-20.07728801261649,-22.051960076131326,-21.38298855436078,-21.616359894755636,-27.342325618984155,-27.39378191717094,-25.36801671187872,-30.67245759759636,-39.332901072130745,-35.022490075676366,-49.4124267918164,-89.1364241778272,-143.12708172538277,9.0
-8.335489087670496,-17.760478052085517,-16.591929612575015,-14.854311686331704,-13.054822363712036,-11.562718091394226,-10.333472411124175,-9.589596767477058,-8.757270940415479,-8.223200267199179,-7.3931575436943575,-6.389518121491072,-5.467936011107451,-6.863549757136186,-7.047590682271481,-6.643027635017472,-5.490392742285591,-4.777777987592504,-4.658577819235296,-4.480374976789841,-4.373172553787185,-4.219122780300416,-4.096209946650564,-3.9874111631625238,-3.8502769210550976,-3.6948322915522644,-3.6071123316880227,-3.4231020737833746,-3.3529717453825385,-3.5289119072742996,-3.943809065816845,-3.544229279523329,-3.9113939040709518,-4.630440302472952,-6.376729269857673,-11.076437349919324,-10.472915327123317,-8.254847815783952,-7.356326899729579,-6.419364672212805,-6.889842177905159,-6.846591410789432,-6.97168096835479,-7.0258090250064535,-7.18908996783441,-7.321569700706143,-7.339458242384816,-7.283898678185272,-7.299659524057123,-7.352005145973303,-7.40950668498826,-7.472513095606684,-7.59232813230346,-7.507621782576553,-7.3319887336959475,-7.2890619807802315,-6.029447223984069,-12.888847939374461,-12.670260777903824,-12.701841481982555,-6.552984463935217,-8.23972019836838,-9.364237972926894,-9.712154664193394,-9.389060016638943,-9.30724539110595,-9.044296709450052,-8.854742728608464,-8.69276035560991,-8.570583980452543,-8.407483411151794,-8.398230190556541,-8.304040846113857,-7.864383270899424,-5.873496225273273,-12.85807875381155,-19.075069883337743,-23.51922020688034,-19.76833099976582,-22.145358252000612,-17.066633211625778,-14.770438574083412,-14.73466822809687,-14.606645470699561,-14.03178614844079,-14.236015713868259,-13.087649836329863,-11.054402556743586,-9.444348450399461,-9.630513425468855,-12.415889821149552,-14.573622231019378,-14.487632263052094,-13.9233365274813,-14.491643793549118,-14.396048976708904,-14.310859424439323,-14.137871700917831,-14.254793990824217,-14.204143520985061,-15.49944798378512,-18.290602398429122,-69.34884361809985,-98.6620775151994,-56.66311911403157,-35.2183936259517,-28.79698697035636,-14.169331479219094,-10.605134110050559,-13.8161178532336,-10.383736931670231,-7.076629776772672,-5.824484631516632,-5.424688565015098,-5.2680304445882875,-5.272455260350623,-5.347372971260729,-5.483825957419325,-5.6848472519301785,-6.097553762861939,-6.221483799801988,-6.253274815045483,-6.533219735480073,-6.676936504960234,-6.6290805176417225,-6.732095269325441,-6.991577875675602,-7.102444648084333,-7.13085203936891,-7.273354242837909,-7.31982560016898,-7.363065800078798,-7.429534400070239,-7.502650805160425,-7.569783257788007,-7.809614401721782,-8.025104109530488,-8.046285392021355,-8.26637597733245,-9.262569632625715,-11.232022576282942,-14.809861609861615,-28.67313963013434,-85.98934124841713,-91.9010675695459,-60.43279150102841,-24.98490011962089,-12.606188644759158,-9.593997179564743,-11.433148513955139,-27.23368059742938,-26.192636475517467,-13.02069591732723,-9.042702132858542,-9.473844883648077,-11.867747142967417,-12.128416199611383,-10.500295797194417,-9.051935510036827,-8.746918924451034,-8.725786873676668,-8.879848103802265,-8.982497814355051,-9.006097056747283,-9.22326105866567,-9.790671392968026,-10.13535465989723,-10.342831319269463,-10.529078175298038,-10.978933622680163,-11.249003251935793,-10.90908478251768,-10.777052903339532,-11.14067191680988,-11.529602390333002,-12.225401251732258,-12.374595280404366,-12.659489329070402,-12.845029572346109,-13.506013984568964,-13.504869416770322,-13.576212551597093,-14.625935294727709,-14.661847873693299,-16.285557664722543,-17.38015889181483,-17.366071602509674,-20.08068636212445,-22.058623478669844,-21.39042216932694,-21.620369094010826,-27.34829074509407,-27.397118447502738,-25.37484543149665,-30.67928057604471,-39.345763533564245,-35.036008687628474,-49.428506475753096,-89.26755250916159,-142.94604300193856,9.0
-8.332186485943334,-17.760666457502975,-16.593449050926193,-14.857191551581618,-13.054479941453003,-11.562397773431691,-10.333222618792654,-9.589332069795603,-8.757116187253471,-8.222881213513565,-7.39316035720481,-6.389304736659203,-5.467890845090726,-6.863301669756521,-7.047379522555087,-6.642541440579904,-5.490143368751498,-4.777506606739113,-4.6583393315584285,-4.479116930042715,-4.371847530204274,-4.218864262011992,-4.096841184314108,-3.988058669655823,-3.8508437730762273,-3.6945386880291324,-3.6068014748811055,-3.4228114810593886,-3.3526386927870764,-3.5286009081146386,-3.9435179042774924,-3.5440312102397407,-3.9111532991456976,-4.629123824618184,-6.376446899263386,-11.074761543324461,-10.47228910920169,-8.25428410908488,-7.355993828064742,-6.419167299230778,-6.889672153664828,-6.846281792868417,-6.971446557163157,-7.025451790904475,-7.188813899702962,-7.321190444315845,-7.339193744952415,-7.283461926272343,-7.29938940903676,-7.351658336734882,-7.409395083181541,-7.472158935597829,-7.591924927760107,-7.507262431653501,-7.331688188401834,-7.28870253779417,-6.0290497415751405,-12.88832528552033,-12.668848530591292,-12.700870805692547,-6.55572740453557,-8.238943225812447,-9.363609241418747,-9.711329915410483,-9.388261687185992,-9.30654203910727,-9.043665209010316,-8.85393779480345,-8.692186131047794,-8.570016765875584,-8.406813098805426,-8.3976315122133,-8.303540501255615,-7.86379658465969,-5.873075064342044,-12.85646003793601,-19.072099103238184,-23.516669257804416,-19.76744995068999,-22.14074469646145,-17.061177332135305,-14.768291428871432,-14.73135436891658,-14.604045780780371,-14.028972321967414,-14.232158860478696,-13.084917711398665,-11.052362628118944,-9.443217749529287,-9.628867473654319,-12.414053486661402,-14.571602890506732,-14.484702105695977,-13.920794124279599,-14.487315374750533,-14.391521180455735,-14.306908805433556,-14.134143346710504,-14.250042249657717,-14.199477580314236,-15.49288306197454,-18.281813675685495,-69.27580565116044,-98.68022193247707,-56.68040087563559,-35.21732869270634,-28.77903783949922,-14.165450269794416,-10.602095653617333,-13.811297477327098,-10.37912273764836,-7.074045662377035,-5.8225185442820715,-5.42309919744665,-5.2665319359186205,-5.2711582501846,-5.345891409495435,-5.482240121323487,-5.683347785000358,-6.095867836070982,-6.219917969601961,-6.251467140623309,-6.531354035376437,-6.674822617663308,-6.627249460865329,-6.7303289154700225,-6.98959691965172,-7.100578625244219,-7.128895958581697,-7.271489966899767,-7.317683760160994,-7.3609467549043215,-7.427565690335719,-7.500258523371131,-7.567613521980257,-7.807358038630711,-8.023046075107485,-8.044140706430467,-8.264184096520388,-9.259980151764003,-11.22855783701123,-14.805087698424055,-28.65908210664498,-86.01672587818415,-91.92546844782434,-60.40862935354292,-24.978318541002473,-12.603494061100207,-9.593347231782516,-11.430704486418657,-27.22125307317099,-26.183008375919144,-13.0174646180047,-9.040512388615424,-9.470624986695046,-11.86276185243437,-12.124183643016291,-10.496672459707272,-9.049151733430746,-8.744368667656985,-8.722840524094192,-8.877392530845365,-8.979522486238714,-9.002697845738966,-9.220101436211815,-9.787339417210376,-10.131747659649838,-10.338853367768824,-10.525079611611458,-10.974138541244699,-11.245212734858837,-10.905268703985994,-10.773475911488067,-11.13653230853204,-11.524157103513314,-12.220401519104964,-12.36971628679077,-12.65489808046542,-12.840022061185383,-13.500634687079492,-13.499339612368424,-13.570859876043732,-14.62043327695225,-14.65748619882572,-16.278710780432505,-17.375942585267076,-17.358920602432356,-20.072530323305344,-22.050294225496696,-21.37985861121713,-21.61475621505356,-27.34166282719416,-27.394449223237295,-25.370292951751367,-30.669898980678227,-39.332901072130745,-35.03262903464044,-49.371079033122065,-89.27526594041656,-143.02650465680264,9.0
-8.333504351055616,-17.762927322512446,-16.596006521418268,-14.855263183660973,-13.054839067236866,-11.563626629615237,-10.333322535725262,-9.589642262391058,-8.757295560236706,-8.223083623916265,-7.393365743467818,-6.389478524305776,-5.468038503222327,-6.863491383635087,-7.047593166503439,-6.642896050284369,-5.490294305364239,-4.7777022213644,-4.658484078414331,-4.4803547942217055,-4.373047723302436,-4.21907377209408,-4.0961788039954365,-3.987383837200421,-3.8502135670056767,-3.694765612363861,-3.607064339759938,-3.423020284440531,-3.3528688358727043,-3.528887168704781,-3.9437748859839648,-3.5442304872628627,-3.9112785625346187,-4.6304086960108854,-6.376766608118076,-11.075773233972471,-10.473051461454107,-8.254867054920439,-7.35629773677275,-6.419711278425147,-6.890039048078172,-6.846667904628742,-6.971738543033437,-7.025827527171099,-7.1892331781776,-7.3217891580555845,-7.339707516943409,-7.283993414813445,-7.299815295909357,-7.3521442047500605,-7.409721169710552,-7.472546407686725,-7.592301754436137,-7.507736121506616,-7.3320774661161146,-7.289272893606762,-6.0315590182791246,-12.89063111134738,-12.670443846999891,-12.702459185076197,-6.5530011637257815,-8.239783884643456,-9.364552338680967,-9.712203659170594,-9.389099734522175,-9.307303359677269,-9.044363969851917,-8.854623612843596,-8.692912773240593,-8.570710028136313,-8.407461903803782,-8.398434708002991,-8.30408633201006,-7.864387007754455,-5.873532324781664,-12.858059251210642,-19.079411792714023,-23.526235316839138,-19.772185589472578,-22.144743111262056,-17.06535275011271,-14.771861057786348,-14.733821076125968,-14.606298845377003,-14.030899903882245,-14.234630018039674,-13.088029298125862,-11.054321499977044,-9.444427107851299,-9.630791179837559,-12.416059852120677,-14.574510740844943,-14.487657742681277,-13.92302968571558,-14.491272027517338,-14.395456333220269,-14.310575547624538,-14.136939612366,-14.254398012393674,-14.204024895374785,-15.498293711818423,-18.290602398429122,-69.30015164014024,-98.6620775151994,-56.66887970123291,-35.23117282489598,-28.780418541872848,-14.169762724710727,-10.604772389046603,-13.815180557918444,-10.382733846013302,-7.075972002199236,-5.824015307467091,-5.424385828335395,-5.2678060689586035,-5.272303563255181,-5.347124790863497,-5.483553877696999,-5.684671336815507,-6.097281501392593,-6.221430175480069,-6.252961345492505,-6.5328794505555114,-6.676592383772363,-6.628919292516757,-6.732012286258408,-6.991296794077619,-7.102304345615152,-7.130568549399749,-7.273323680937283,-7.319636614285923,-7.362751254310711,-7.42930588911891,-7.502217557277325,-7.569444858625331,-7.809409277804412,-8.02502788603334,-8.046232436821581,-8.266168637255632,-9.262402569344315,-11.231445119737657,-14.81015093782753,-28.674478441895232,-86.03041819306766,-91.85226581298902,-60.418984559608134,-24.98051240054195,-12.604596390778868,-9.59438714823408,-11.432464186244925,-27.222561233619242,-26.184813644593827,-13.020049657462723,-9.042373671222075,-9.473115850375693,-11.867020121431347,-12.126896820320837,-10.49929359746393,-9.051400168381813,-8.746918924451034,-8.725110662297082,-8.879948331269894,-8.981882229227534,-9.00527300559375,-9.22277077242283,-9.790294188165275,-10.134742150421257,-10.341978901090755,-10.528337700541263,-10.977795806746323,-11.248572511358867,-10.908289766156912,-10.776897381954686,-11.14008054419876,-11.528033409384955,-12.224124724252949,-12.373597304437947,-12.659371604747198,-12.844296765834782,-13.505738123159249,-13.503486965669847,-13.575367392299194,-14.625601839104956,-14.661344603516271,-16.284487839052225,-17.381647000008154,-17.363359154204485,-20.080346527173656,-22.056541165376558,-21.388074711969207,-21.620770013936347,-27.353593079413997,-27.399787671768173,-25.37484543149665,-30.675016214514493,-39.34719269594576,-35.03713523862448,-49.39405001017448,-89.28297937167153,-142.92592758822255,9.0
-8.335512904509875,-17.760496892627266,-16.589206658698156,-14.853525115206178,-13.05293486540615,-11.561681425988201,-10.333022784927438,-9.58854624855378,-8.756637859298174,-8.22247296202337,-7.3929155817954735,-6.389111150419981,-5.467724078259742,-6.8630292600847325,-7.047106257039753,-6.64244107934279,-5.489985869677334,-4.777450126459981,-4.658182177829164,-4.479007944174783,-4.37176040892846,-4.217833864473767,-4.096729789432306,-3.9879362968690155,-3.8507515206884744,-3.695264630806107,-3.6067316684402537,-3.4226873537037785,-3.3525816247861684,-3.5285007758094444,-3.944371134179771,-3.543880242797982,-3.910889129820548,-4.628895708413705,-6.375886825357359,-11.07463120281153,-10.472098521138587,-8.254057087274331,-7.355871036667567,-6.419083054665276,-6.889567326689588,-6.8461664450154895,-6.971268349824489,-7.02539201468024,-7.188667238508129,-7.320998685466819,-7.339041516214343,-7.283429812161098,-7.29928666590018,-7.35152430417897,-7.40923116802792,-7.472030947079778,-7.5917440509556116,-7.507259709298022,-7.33149068720856,-7.288622331508025,-6.029041629689244,-12.88691104567974,-12.668848530591292,-12.700341345897998,-6.555572931472841,-8.238892276792386,-9.363419760690263,-9.711072691780169,-9.388134589959652,-9.306433831107471,-9.043579265163489,-8.853905308685759,-8.692069159377736,-8.569873211569067,-8.406744992203388,-8.397545986735693,-8.303271376369743,-7.863721847559088,-5.873075064342044,-12.855991975514167,-19.0711850170537,-23.508166094218,-19.761943393966053,-22.133516792783425,-17.061177332135305,-14.767029981059395,-14.730706546821187,-14.602807833199805,-14.028196857978688,-14.231396727772976,-13.084348518704665,-11.052227533508042,-9.442273860107232,-9.628589719285618,-12.41303330083465,-14.569745097235097,-14.483224287203328,-13.920092771672234,-14.486970163435311,-14.390596656613464,-14.305796954575646,-14.133263040855995,-14.249613273024629,-14.198647201042306,-15.49288306197454,-18.282805950833968,-69.30420930497021,-98.56228322017236,-56.674640288434254,-35.206679360252764,-28.774205381191532,-14.162719048347418,-10.602746751424453,-13.810761880004153,-10.380125823305288,-7.073646299243163,-5.822569282017157,-5.423051894840446,-5.2665159090879285,-5.271021722798702,-5.345951574440218,-5.482341179506065,-5.683314277359468,-6.095846892881033,-6.219778546364973,-6.25132085483192,-6.531224961784362,-6.674994678257244,-6.627168848302846,-6.730340770193885,-6.989556765137723,-7.100410262281201,-7.128711690101742,-7.271321876446328,-7.317620764866642,-7.36102953010645,-7.427266868322444,-7.500277360235614,-7.567314934483778,-7.80715291471334,-8.02261414195698,-8.044087751230693,-8.263976756443572,-9.259395430279099,-11.228124744602265,-14.805811018338837,-28.655735077242756,-85.83187962725678,-91.86853306517465,-60.39137067676758,-24.98051240054195,-12.601779326044511,-9.592307315330954,-11.429824636505522,-27.213404110481477,-26.184211888368935,-13.01513808249248,-9.040183926978957,-9.47044272837695,-11.862865712653809,-12.124617751385019,-10.49620990598551,-9.048562857610227,-8.744221537457328,-8.722550719217226,-8.877192075910108,-8.97900949863245,-9.002697845738966,-9.219774578716587,-9.787213682276127,-10.131271263390747,-10.33892440261705,-10.52530175403849,-10.973975996111292,-11.244178957474213,-10.904314684353071,-10.773164868718373,-11.13703919934157,-11.524249396510257,-12.219231368915597,-12.370714262757188,-12.654309458849397,-12.839167120255501,-13.499531241440623,-13.499477857478471,-13.571141595809697,-14.621100188197762,-14.656311901745989,-16.279566640968756,-17.37296636888043,-17.360646705899292,-20.073889663108528,-22.05112715081401,-21.383771040146687,-21.61194977557492,-27.3390116600342,-27.389778080772775,-25.36175705222896,-30.659664513005698,-39.334330234512244,-35.030375932648425,-49.371079033122065,-89.22898535288678,-142.84546593335844,9.0
-8.335512904509875,-17.75808530328383,-16.590485393944196,-14.854248253176422,-13.053335750002093,-11.562054159617334,-10.333204452077634,-9.588641374283053,-8.75660268812499,-8.222695956534821,-7.392952157431351,-6.389126549325374,-5.467871736391342,-6.863289508610459,-7.047349711771596,-6.642679716062148,-5.49012696259794,-4.777578240263866,-4.658307625104278,-4.479162677197157,-4.371919047669495,-4.218903468577061,-4.096861546819384,-3.988116885835954,-3.8500557376194013,-3.69458063138958,-3.6068865514808937,-3.4228461212516517,-3.3527518932478935,-3.5286821919859133,-3.9435710729064177,-3.5439913548351165,-3.911101209419612,-4.629185663348315,-6.3763395517647306,-11.075884954412128,-10.472895879361776,-8.254820880992868,-7.3564696447287945,-6.41953556833139,-6.889976407568577,-6.846661833689113,-6.971833130005498,-7.025818987710493,-7.189160710293094,-7.321612313783704,-7.339597151108306,-7.2838408727850315,-7.29982026735145,-7.352063785216514,-7.409628749464361,-7.472478030259272,-7.592290449635856,-7.50770617559636,-7.33202880640183,-7.289222393352523,-6.029447223984069,-12.889216871506788,-12.670443846999891,-12.701841481982555,-6.552909314877672,-8.23952913954315,-9.364384389853448,-9.712024010920853,-9.388980580872479,-9.307241526534527,-9.044356496473931,-8.854638051118126,-8.69276035560991,-8.570622495022585,-8.407433227339766,-8.398297123539015,-8.30406737955331,-7.864476692275177,-5.873547366243494,-12.858273779820653,-19.07838344575648,-23.519857944149322,-19.7668992950176,-22.138899274245784,-17.06746829522126,-14.771002199701554,-14.733621746250462,-14.606001737957666,-14.031165777249809,-14.233914075194903,-13.086644262570465,-11.054280971593775,-9.443837176962514,-9.630256245497833,-12.415107678682377,-14.57434919360393,-14.486918833434952,-13.923007768446597,-14.491617238832562,-14.394816278252542,-14.310551891223303,-14.136706590228043,-14.253375068114776,-14.203550392933684,-15.497428007843403,-18.28961012328065,-69.28392098082037,-98.64393309792176,-56.657358526830215,-35.2205234924424,-28.79215451204867,-14.166456509274889,-10.603831914436318,-13.813439866618877,-10.38246635650479,-7.0755256551672625,-5.823571352285095,-5.4240641706132084,-5.267405398191314,-5.2719091508070335,-5.346899172320559,-5.483258476855618,-5.684311129675941,-6.096914995568471,-6.220904657125266,-6.252501590148136,-6.532492229779285,-6.676272842669339,-6.6284816814632785,-6.731526242580071,-6.990948788289639,-7.101883438207607,-7.129987394962968,-7.272727723875091,-7.318990912518809,-7.362370488380922,-7.428708245092359,-7.501708961936293,-7.568648625301385,-7.8087711145059275,-8.024087796235179,-8.04538515362518,-8.265694717080052,-9.261149594733808,-11.230506752851568,-14.808559634015008,-28.662429136047212,-85.97564893353363,-91.94173570000996,-60.40517761818786,-24.98051240054195,-12.603126617873984,-9.592957263113181,-11.431291053027413,-27.22125307317099,-26.187822425718306,-13.018240129842107,-9.041826235161295,-9.472265311557912,-11.8647351966037,-12.126571239044292,-10.498522674594325,-9.050222416740777,-8.745349535654695,-8.724241247666189,-8.878895942859794,-8.981164046578762,-9.004345948046028,-9.221681247438742,-9.78922544122414,-10.133585188077754,-10.341339587456723,-10.52730103588178,-10.97649544567908,-11.247452585858857,-10.907017739979683,-10.775342168106222,-11.139658135190817,-11.52692589342163,-12.22242268761387,-12.373819076874929,-12.65772346422233,-12.842709018393577,-13.5032553704718,-13.502795740119609,-13.573817933586378,-14.624934927859444,-14.659834792985187,-16.282348187711587,-17.375198531170412,-17.363852326623608,-20.07728801261649,-22.056541165376558,-21.38885719775512,-21.613553455277003,-27.34762795330408,-27.39845305963546,-25.366878591942402,-30.669898980678227,-39.332901072130745,-35.03150248364444,-49.3733761308273,-89.24441221539671,-143.02650465680264,9.0
-8.332170608050415,-17.75584327881611,-16.59332869937362,-14.854438552642275,-13.05396213218325,-11.562199758691214,-10.33319991039888,-9.588736500012326,-8.756641376415493,-8.22258617462149,-7.392935276368638,-6.389113350263608,-5.467748398422593,-6.863126549253228,-7.047210594781972,-6.642501296085058,-5.49002360383052,-4.777425330239875,-4.658155985540953,-4.479049654815596,-4.371746105435416,-4.217817936806707,-4.0967597342930056,-3.987961246660501,-3.8507637469085383,-3.6952549515690802,-3.606715307555679,-3.4227162205306647,-3.3525909801961538,-3.5285184462162436,-3.944355943142935,-3.543848841570096,-3.9109164149151643,-4.628953424561826,-6.375945166389236,-11.07487947045521,-10.472106300243203,-8.2543283590988,-7.355933967258619,-6.419111938516306,-6.889664483398347,-6.8463000056873,-6.971350599365413,-7.025466023338817,-7.188898445568218,-7.321224534777896,-7.339207064966997,-7.2834635319779055,-7.299452380636598,-7.35167509080437,-7.40930789427004,-7.472130883319901,-7.591834489357859,-7.507352269384263,-7.331642391023685,-7.288845126747319,-6.0290740772328295,-12.889155382818068,-12.668508545127164,-12.700407528372317,-6.555631380739819,-8.238913505550745,-9.363561871236625,-9.711252340029912,-9.388134589959652,-9.306534309964427,-9.043639052187368,-8.854002767038832,-8.692210943220232,-8.570002760577387,-8.406888374523467,-8.397620356716219,-8.303328233739997,-7.863804058369751,-5.873075064342044,-12.856518545738743,-19.074727101018564,-23.519007627790682,-19.768000606362385,-22.13813034832259,-17.062903171565964,-14.767647285307838,-14.730008892256915,-14.603179217473976,-14.02795314072509,-14.231142683537735,-13.084063922357666,-11.052754402490566,-9.44274580481826,-9.629289248806796,-12.41303330083465,-14.571172097864036,-14.48360648164108,-13.920114688941213,-14.486943608718754,-14.391165594362553,-14.306317395402752,-14.13266753983677,-14.249250292796635,-14.198093614861023,-15.492738777978703,-18.28025438616646,-69.34478595326989,-98.56228322017236,-56.66311911403157,-35.20241962727133,-28.77903783949922,-14.165019024302783,-10.601299867408631,-13.811699175319308,-10.379791461419646,-7.073857726784624,-5.822391699944358,-5.42297621067052,-5.266459815180507,-5.270945874250982,-5.345846285786847,-5.482107968315502,-5.683264015898133,-6.095710762146359,-6.219746371771821,-6.251362650772316,-6.531330567450605,-6.674957808129973,-6.627088235740363,-6.730103675716647,-6.989369377405733,-7.1004804135157915,-7.128640817609452,-7.271245471694765,-7.317620764866642,-7.360582544014958,-7.427302023853418,-7.500088991590787,-7.56741446364927,-7.807130123166966,-8.022563326292214,-8.043928885631367,-8.264035996465521,-9.259771322662251,-11.228052562534106,-14.804653706475186,-28.664437353688548,-85.9619566186501,-91.82786493471058,-60.39482241212264,-24.972833892153798,-12.604473909703461,-9.592112330996287,-11.430411203114277,-27.217982672050358,-26.185415400818727,-13.015655090384085,-9.039964952554643,-9.470321222831554,-11.86151552980111,-12.123315426278838,-10.49613281369855,-9.048188118451717,-8.7436330166587,-8.722357515965918,-8.876590711104335,-8.978753004829318,-9.0022858201622,-9.218957434978522,-9.786710742539123,-10.130794867131657,-10.338356123831245,-10.524783421708747,-10.973975996111292,-11.243403624435746,-10.904712192533456,-10.77332039010322,-11.136363344928862,-11.52406481051637,-12.219550500785425,-12.370048945446241,-12.653485388586965,-12.839289254674055,-13.500910548489207,-13.498371896598092,-13.57128245569268,-14.620099821329497,-14.656479658471666,-16.278282850164377,-17.374454477073755,-17.361386464527982,-20.073549828157727,-22.052376538789986,-21.380249854110087,-21.612350695500442,-27.33437211750426,-27.392447305038218,-25.371431071687685,-30.66563461914801,-39.324326097841734,-35.01798387169233,-49.38256452164827,-89.23669878414174,-143.02650465680264,9.0
-8.330773353473539,-17.760289646668063,-16.593193303876983,-14.854210193283249,-13.054229388580541,-11.561518355025456,-10.333018243248684,-9.588740635913599,-8.756567516951808,-8.222651357632529,-7.392988733067229,-6.389113350263608,-5.46776229565851,-6.863170329379052,-7.047287605972657,-6.642507986834199,-5.490030166291943,-4.777468034841169,-4.658227669698162,-4.479073873897359,-4.371778613374152,-4.217849792140826,-4.096813635042265,-3.9880182747553232,-3.8508159862124463,-3.6952990458710895,-3.6067916583503608,-3.4227739541844366,-3.3526602102300416,-3.528620934575677,-3.943497649561711,-3.5438717886212436,-3.9110714438618484,-4.629057863306046,-6.376386224590232,-11.075475312800052,-10.472946443541783,-8.254843967956655,-7.356400574567884,-6.41970405746239,-6.890164329097364,-6.846761397099009,-6.971746767987528,-7.026021088278147,-7.189374663094968,-7.3217252384392415,-7.3397094198026345,-7.2839388208243285,-7.299838495972456,-7.352125775273623,-7.409790920839752,-7.4727042017500755,-7.592420454839086,-7.507910352257187,-7.332091777796787,-7.289362011702481,-6.031575242050917,-12.89063111134738,-12.67122842884019,-12.702525367550514,-6.553022038463988,-8.23967349509999,-9.364440372795954,-9.71213016670479,-9.389004411602418,-9.30736132824859,-9.044307919517028,-8.854760776451627,-8.692870238087844,-8.57067501489082,-8.407490580267796,-8.398360338022464,-8.30406737955331,-7.86452153453554,-5.873508258442736,-12.859112391659789,-19.080782921990743,-23.530061740453025,-19.77284637627945,-22.143666614969586,-17.06746829522126,-14.771914736416647,-14.733322751437203,-14.606001737957666,-14.03129871393359,-14.234653112970149,-13.087194482174663,-11.054794331115206,-9.443896170051392,-9.63045170227581,-12.415124681779488,-14.573460683778366,-14.487250068614339,-13.922985851177618,-14.490555050170332,-14.393915460149818,-14.309676604377715,-14.136628916182056,-14.253012087886779,-14.201612841299188,-15.49670658786422,-18.287342065798423,-69.31232463463014,-98.6620775151994,-56.68616146283694,-35.22265335893312,-28.780418541872848,-14.166456509274889,-10.602602063022871,-13.813038168626669,-10.38193137748776,-7.075173275931494,-5.823178134838182,-5.423770894454745,-5.2672291030537055,-5.271696774873416,-5.346650991923327,-5.482994170839645,-5.684193852932827,-6.096716035263949,-6.220679434973207,-6.252386651312045,-6.532445293927621,-6.676100782075403,-6.628216811615122,-6.731348421722143,-6.990547243149663,-7.101504621540816,-7.129859824476846,-7.272452666769463,-7.3187861778121635,-7.361923502289431,-7.428673089561387,-7.501501756426984,-7.568748154466879,-7.808611573681306,-8.024011572738031,-8.04517333282608,-8.26513193687155,-9.260731936530307,-11.228918747352033,-14.807546986134314,-28.671131412493004,-85.94141814632485,-91.93360207391716,-60.4224362949632,-24.97722161123274,-12.60373902325102,-9.59341222656074,-11.430997769723035,-27.217328591826234,-26.183610132144036,-13.016559854194393,-9.04089559385797,-9.471293267194733,-11.864008175067632,-12.12581154939902,-10.497366290289916,-9.04958000675476,-8.744810058255954,-8.723613337099431,-8.877943781917322,-8.980291967648112,-9.00362490328669,-9.220809627451471,-9.788785368954262,-10.132768508776458,-10.340487169278015,-10.52730103588178,-10.976657990812486,-11.245815771666537,-10.906620231799298,-10.775342168106222,-11.138390908166988,-11.526187549446078,-12.221678046584273,-12.372599328471532,-12.656310772343877,-12.842098346300805,-13.504220885405807,-13.500998553688994,-13.573113634171461,-14.622267282877402,-14.659163766082482,-16.282776117979715,-17.37718267542818,-17.36113987831842,-20.076268507764098,-22.055291777400583,-21.38533601171851,-21.612350695500442,-27.34166282719416,-27.39177999897186,-25.37541449146481,-30.670751852984274,-39.332901072130745,-35.034882136632454,-49.38486161935351,-89.24441221539671,-142.94604300193856,9.0
